{
    "robot_root_name": "pelvis",
    "human_root_name": "Hips",
    "ground_height": 0.0,
    "human_height_assumption": 1.8,
    "use_ik_match_table1": true,
    "use_ik_match_table2": true,
    "human_scale_table": {
        "Hips": 0.9,
        "Spine2": 0.9,

        "LeftUpLeg": 0.9,
        "RightUpLeg": 0.9,
        "LeftLeg": 0.9,
        "RightLeg": 0.9,
        "LeftFootMod": 0.9,
        "RightFootMod": 0.9,

        "LeftArm": 0.75,
        "RightArm": 0.75,
        "LeftForeArm": 0.75,
        "RightForeArm": 0.75,
        "LeftHand": 0.75,
        "RightHand": 0.75
    },

    "ik_match_table1": {
        "pelvis": [
            "Hips",
            0,
            10,
            [
                0.0,
                0.0,
                0.0
            ],
            [
                0.323351501,
                0.376401493,
                -0.761243678,
                -0.417461119
            ]
        ],
        "left_hip_yaw_link": [
            "LeftUpLeg",
            0,
            10,
            [
                0.0,
                0.0,
                0.0
            ],
            [
                0.469285293,
                0.708248258,
                -0.300475194,
                -0.433440165
            ]
        ],
        "left_knee_link": [
            "LeftLeg",
            0,
            10,
            [
                0.0,
                0.0,
                0.0
            ],
            [
                -0.561394353,
                -0.697086033,
                0.351241713,
                0.27483941
            ]
        ],
        "left_ankle_roll_link": [
            "LeftFootMod",
            50,
            10,
            [
                0.0,
                0.0,
                0.0
            ],
            [
                0.196155439,
                0.638340704,
                -0.641616745,
                -0.377322331
            ]
        ],
        "right_hip_yaw_link": [
            "RightUpLeg",
            0,
            10,
            [
                0.0,
                0.0,
                0.0
            ],
            [
                0.433529776,
                -0.271535993,
                0.707247578,
                -0.487976434
            ]
        ],
        "right_knee_link": [
            "RightLeg",
            0,
            10,
            [
                0.0,
                0.0,
                0.0
            ],
            [
                0.086186778,
                -0.436609347,
                0.746765822,
                -0.494251884
            ]
        ],
        "right_ankle_roll_link": [
            "RightFootMod",
            50,
            10,
            [
                0.0,
                0.0,
                0.0
            ],
            [
                0.28108018,
                -0.637018878,
                0.708928853,
                -0.112342169
            ]
        ],
        "torso_link": [
            "Spine2",
            0,
            100,
            [
                0.0,
                0.0,
                0.0
            ],
            [
                -0.651331288,
                0.241712099,
                -0.40466766,
                0.594631734
            ]
        ],
        "left_shoulder_yaw_link": [
            "LeftArm",
            0,
            100,
            [
                0.0,
                0.0,
                0.0
            ],
            [
                0.136122727,
                -0.327542547,
                -0.222024821,
                0.908235356
            ]
        ],
        "left_elbow_link": [
            "LeftForeArm",
            0,
            10,
            [
                0.0,
                0.0,
                0.0
            ],
            [
                0.262765987,
                0.107199834,
                -0.094832888,
                0.954184969
            ]
        ],
        "left_wrist_yaw_link": [
            "LeftHand",
            0,
            10,
            [
                0.0,
                0.0,
                0.0
            ],
            [
                0.055049821,
                0.075421728,
                0.03958477,
                0.99484377
            ]
        ],
        "right_shoulder_yaw_link": [
            "RightArm",
            0,
            100,
            [
                0.0,
                0.0,
                0.0
            ],
            [
                -0.221010005,
                0.330708204,
                -0.91745593,
                -0.00782798
            ]
        ],
        "right_elbow_link": [
            "RightForeArm",
            0,
            10,
            [
                0.0,
                0.0,
                0.0
            ],
            [
                0.518139263,
                -0.047093862,
                0.54209177,
                -0.659886646
            ]
        ],
        "right_wrist_yaw_link": [
            "RightHand",
            0,
            10,
            [
                0.0,
                0.0,
                0.0
            ],
            [
                -0.268322972,
                0.172314419,
                -0.66722438,
                0.673143485
            ]
        ]
    },
    "ik_match_table2": {
        "pelvis": [
            "Hips",
            100,
            5,
            [
                0.0,
                0.0,
                0.0
            ],
            [
                0.323351501,
                0.376401493,
                -0.761243678,
                -0.417461119
            ]
        ],
        "left_hip_yaw_link": [
            "LeftUpLeg",
            10,
            5,
            [
                0.0,
                0.0,
                0.0
            ],
            [
                0.469285293,
                0.708248258,
                -0.300475194,
                -0.433440165
            ]
        ],
        "left_knee_link": [
            "LeftLeg",
            10,
            5,
            [
                0.0,
                0.0,
                0.0
            ],
            [
                -0.561394353,
                -0.697086033,
                0.351241713,
                0.27483941
            ]
        ],
        "left_ankle_roll_link": [
            "LeftFootMod",
            50,
            10,
            [
                0.0,
                0.0,
                0.0
            ],
            [
                0.196155439,
                0.638340704,
                -0.641616745,
                -0.377322331
            ]
        ],
        "right_hip_yaw_link": [
            "RightUpLeg",
            10,
            5,
            [
                0.0,
                0.0,
                0.0
            ],
            [
                0.433529776,
                -0.271535993,
                0.707247578,
                -0.487976434
            ]
        ],
        "right_knee_link": [
            "RightLeg",
            10,
            5,
            [
                0.0,
                0.0,
                0.0
            ],
            [
                0.086186778,
                -0.436609347,
                0.746765822,
                -0.494251884
            ]
        ],
        "right_ankle_roll_link": [
            "RightFootMod",
            50,
            10,
            [
                0.0,
                0.0,
                0.0
            ],
            [
                0.28108018,
                -0.637018878,
                0.708928853,
                -0.112342169
            ]
        ],
        "torso_link": [
            "Spine2",
            0,
            10,
            [
                0.0,
                0.0,
                0.0
            ],
            [
                -0.651331288,
                0.241712099,
                -0.40466766,
                0.594631734
            ]
        ],